sku_id,date,qty
SKU-1001,2026-03-19+000,90
SKU-1001,2026-03-19+001,109
SKU-1001,2026-03-19+002,135
SKU-1001,2026-03-19+003,163
SKU-1001,2026-03-19+004,139
SKU-1001,2026-03-19+005,96
SKU-1001,2026-03-19+006,99
SKU-1001,2026-03-19+007,90
SKU-1001,2026-03-19+008,110
SKU-1001,2026-03-19+009,141
SKU-1001,2026-03-19+010,157
SKU-1001,2026-03-19+011,163
SKU-1001,2026-03-19+012,127
SKU-1001,2026-03-19+013,97
SKU-1001,2026-03-19+014,86
SKU-1001,2026-03-19+015,100
SKU-1001,2026-03-19+016,145
SKU-1001,2026-03-19+017,178
SKU-1001,2026-03-19+018,145
SKU-1001,2026-03-19+019,118
SKU-1001,2026-03-19+020,103
SKU-1001,2026-03-19+021,79
SKU-1001,2026-03-19+022,111
SKU-1001,2026-03-19+023,150
SKU-1001,2026-03-19+024,172
SKU-1001,2026-03-19+025,142
SKU-1001,2026-03-19+026,126
SKU-1001,2026-03-19+027,101
SKU-1001,2026-03-19+028,105
SKU-1001,2026-03-19+029,101
SKU-1001,2026-03-19+030,153
SKU-1001,2026-03-19+031,129
SKU-1001,2026-03-19+032,101
SKU-1001,2026-03-19+033,113
SKU-1001,2026-03-19+034,88
SKU-1001,2026-03-19+035,108
SKU-1001,2026-03-19+036,127
SKU-1001,2026-03-19+037,124
SKU-1001,2026-03-19+038,176
SKU-1001,2026-03-19+039,132
SKU-1001,2026-03-19+040,122
SKU-1001,2026-03-19+041,97
SKU-1001,2026-03-19+042,100
SKU-1001,2026-03-19+043,131
SKU-1001,2026-03-19+044,158
SKU-1001,2026-03-19+045,168
SKU-1001,2026-03-19+046,163
SKU-1001,2026-03-19+047,132
SKU-1001,2026-03-19+048,94
SKU-1001,2026-03-19+049,91
SKU-1001,2026-03-19+050,114
SKU-1001,2026-03-19+051,157
SKU-1001,2026-03-19+052,158
SKU-1001,2026-03-19+053,196
SKU-1001,2026-03-19+054,114
SKU-1001,2026-03-19+055,89
SKU-1001,2026-03-19+056,110
SKU-1001,2026-03-19+057,142
SKU-1001,2026-03-19+058,159
SKU-1001,2026-03-19+059,181
SKU-1001,2026-03-19+060,181
SKU-1001,2026-03-19+061,126
SKU-1001,2026-03-19+062,86
SKU-1001,2026-03-19+063,95
SKU-1001,2026-03-19+064,137
SKU-1001,2026-03-19+065,125
SKU-1001,2026-03-19+066,167
SKU-1001,2026-03-19+067,161
SKU-1001,2026-03-19+068,124
SKU-1001,2026-03-19+069,114
SKU-1001,2026-03-19+070,110
SKU-1001,2026-03-19+071,159
SKU-1001,2026-03-19+072,165
SKU-1001,2026-03-19+073,156
SKU-1001,2026-03-19+074,147
SKU-1001,2026-03-19+075,117
SKU-1001,2026-03-19+076,118
SKU-1001,2026-03-19+077,97
SKU-1001,2026-03-19+078,124
SKU-1001,2026-03-19+079,169
SKU-1001,2026-03-19+080,155
SKU-1001,2026-03-19+081,154
SKU-1001,2026-03-19+082,102
SKU-1001,2026-03-19+083,93
SKU-1001,2026-03-19+084,98
SKU-1001,2026-03-19+085,133
SKU-1001,2026-03-19+086,179
SKU-1001,2026-03-19+087,171
SKU-1001,2026-03-19+088,166
SKU-1001,2026-03-19+089,135
SKU-1001,2026-03-19+090,122
SKU-1001,2026-03-19+091,117
SKU-1001,2026-03-19+092,132
SKU-1001,2026-03-19+093,139
SKU-1001,2026-03-19+094,192
SKU-1001,2026-03-19+095,170
SKU-1001,2026-03-19+096,154
SKU-1001,2026-03-19+097,109
SKU-1001,2026-03-19+098,132
SKU-1001,2026-03-19+099,124
SKU-1001,2026-03-19+100,190
SKU-1001,2026-03-19+101,178
SKU-1001,2026-03-19+102,154
SKU-1001,2026-03-19+103,117
SKU-1001,2026-03-19+104,108
SKU-1001,2026-03-19+105,127
SKU-1001,2026-03-19+106,143
SKU-1001,2026-03-19+107,175
SKU-1001,2026-03-19+108,126
SKU-1001,2026-03-19+109,180
SKU-1001,2026-03-19+110,146
SKU-1001,2026-03-19+111,104
SKU-1001,2026-03-19+112,101
SKU-1001,2026-03-19+113,132
SKU-1001,2026-03-19+114,197
SKU-1001,2026-03-19+115,156
SKU-1001,2026-03-19+116,159
SKU-1001,2026-03-19+117,161
SKU-1001,2026-03-19+118,107
SKU-1001,2026-03-19+119,105
SKU-1001,2026-03-19+120,135
SKU-1001,2026-03-19+121,140
SKU-1001,2026-03-19+122,185
SKU-1001,2026-03-19+123,145
SKU-1001,2026-03-19+124,154
SKU-1001,2026-03-19+125,114
SKU-1001,2026-03-19+126,142
SKU-1001,2026-03-19+127,139
SKU-1001,2026-03-19+128,193
SKU-1001,2026-03-19+129,154
SKU-1001,2026-03-19+130,168
SKU-1001,2026-03-19+131,146
SKU-1001,2026-03-19+132,139
SKU-1001,2026-03-19+133,90
SKU-1001,2026-03-19+134,152
SKU-1001,2026-03-19+135,179
SKU-1001,2026-03-19+136,218
SKU-1001,2026-03-19+137,187
SKU-1001,2026-03-19+138,143
SKU-1001,2026-03-19+139,109
SKU-1001,2026-03-19+140,97
SKU-1001,2026-03-19+141,140
SKU-1001,2026-03-19+142,165
SKU-1001,2026-03-19+143,231
SKU-1001,2026-03-19+144,161
SKU-1001,2026-03-19+145,149
SKU-1001,2026-03-19+146,95
SKU-1001,2026-03-19+147,109
SKU-1001,2026-03-19+148,143
SKU-1001,2026-03-19+149,188
SKU-1001,2026-03-19+150,220
SKU-1001,2026-03-19+151,175
SKU-1001,2026-03-19+152,125
SKU-1001,2026-03-19+153,125
SKU-1001,2026-03-19+154,123
SKU-1001,2026-03-19+155,148
SKU-1001,2026-03-19+156,158
SKU-1001,2026-03-19+157,215
SKU-1001,2026-03-19+158,179
SKU-1001,2026-03-19+159,159
SKU-1001,2026-03-19+160,137
SKU-1001,2026-03-19+161,125
SKU-1001,2026-03-19+162,146
SKU-1001,2026-03-19+163,219
SKU-1001,2026-03-19+164,196
SKU-1001,2026-03-19+165,173
SKU-1001,2026-03-19+166,150
SKU-1001,2026-03-19+167,142
SKU-1001,2026-03-19+168,119
SKU-1001,2026-03-19+169,151
SKU-1001,2026-03-19+170,201
SKU-1001,2026-03-19+171,181
SKU-1001,2026-03-19+172,143
SKU-1001,2026-03-19+173,154
SKU-1001,2026-03-19+174,125
SKU-1001,2026-03-19+175,110
SKU-1001,2026-03-19+176,159
SKU-1001,2026-03-19+177,190
SKU-1001,2026-03-19+178,171
SKU-1001,2026-03-19+179,194
SKU-1002,2026-03-19+000,71
SKU-1002,2026-03-19+001,72
SKU-1002,2026-03-19+002,114
SKU-1002,2026-03-19+003,118
SKU-1002,2026-03-19+004,102
SKU-1002,2026-03-19+005,98
SKU-1002,2026-03-19+006,79
SKU-1002,2026-03-19+007,68
SKU-1002,2026-03-19+008,93
SKU-1002,2026-03-19+009,123
SKU-1002,2026-03-19+010,110
SKU-1002,2026-03-19+011,118
SKU-1002,2026-03-19+012,93
SKU-1002,2026-03-19+013,96
SKU-1002,2026-03-19+014,57
SKU-1002,2026-03-19+015,97
SKU-1002,2026-03-19+016,106
SKU-1002,2026-03-19+017,119
SKU-1002,2026-03-19+018,139
SKU-1002,2026-03-19+019,93
SKU-1002,2026-03-19+020,96
SKU-1002,2026-03-19+021,70
SKU-1002,2026-03-19+022,94
SKU-1002,2026-03-19+023,104
SKU-1002,2026-03-19+024,111
SKU-1002,2026-03-19+025,115
SKU-1002,2026-03-19+026,91
SKU-1002,2026-03-19+027,78
SKU-1002,2026-03-19+028,56
SKU-1002,2026-03-19+029,112
SKU-1002,2026-03-19+030,109
SKU-1002,2026-03-19+031,148
SKU-1002,2026-03-19+032,101
SKU-1002,2026-03-19+033,98
SKU-1002,2026-03-19+034,106
SKU-1002,2026-03-19+035,68
SKU-1002,2026-03-19+036,75
SKU-1002,2026-03-19+037,105
SKU-1002,2026-03-19+038,130
SKU-1002,2026-03-19+039,125
SKU-1002,2026-03-19+040,110
SKU-1002,2026-03-19+041,75
SKU-1002,2026-03-19+042,61
SKU-1002,2026-03-19+043,87
SKU-1002,2026-03-19+044,130
SKU-1002,2026-03-19+045,131
SKU-1002,2026-03-19+046,89
SKU-1002,2026-03-19+047,95
SKU-1002,2026-03-19+048,91
SKU-1002,2026-03-19+049,96
SKU-1002,2026-03-19+050,99
SKU-1002,2026-03-19+051,118
SKU-1002,2026-03-19+052,106
SKU-1002,2026-03-19+053,105
SKU-1002,2026-03-19+054,97
SKU-1002,2026-03-19+055,83
SKU-1002,2026-03-19+056,82
SKU-1002,2026-03-19+057,88
SKU-1002,2026-03-19+058,99
SKU-1002,2026-03-19+059,114
SKU-1002,2026-03-19+060,102
SKU-1002,2026-03-19+061,105
SKU-1002,2026-03-19+062,57
SKU-1002,2026-03-19+063,74
SKU-1002,2026-03-19+064,99
SKU-1002,2026-03-19+065,136
SKU-1002,2026-03-19+066,128
SKU-1002,2026-03-19+067,133
SKU-1002,2026-03-19+068,93
SKU-1002,2026-03-19+069,72
SKU-1002,2026-03-19+070,72
SKU-1002,2026-03-19+071,111
SKU-1002,2026-03-19+072,130
SKU-1002,2026-03-19+073,135
SKU-1002,2026-03-19+074,167
SKU-1002,2026-03-19+075,98
SKU-1002,2026-03-19+076,86
SKU-1002,2026-03-19+077,81
SKU-1002,2026-03-19+078,92
SKU-1002,2026-03-19+079,149
SKU-1002,2026-03-19+080,151
SKU-1002,2026-03-19+081,100
SKU-1002,2026-03-19+082,94
SKU-1002,2026-03-19+083,85
SKU-1002,2026-03-19+084,86
SKU-1002,2026-03-19+085,80
SKU-1002,2026-03-19+086,86
SKU-1002,2026-03-19+087,99
SKU-1002,2026-03-19+088,120
SKU-1002,2026-03-19+089,98
SKU-1002,2026-03-19+090,85
SKU-1002,2026-03-19+091,72
SKU-1002,2026-03-19+092,82
SKU-1002,2026-03-19+093,90
SKU-1002,2026-03-19+094,135
SKU-1002,2026-03-19+095,127
SKU-1002,2026-03-19+096,112
SKU-1002,2026-03-19+097,89
SKU-1002,2026-03-19+098,78
SKU-1002,2026-03-19+099,112
SKU-1002,2026-03-19+100,117
SKU-1002,2026-03-19+101,120
SKU-1002,2026-03-19+102,115
SKU-1002,2026-03-19+103,94
SKU-1002,2026-03-19+104,61
SKU-1002,2026-03-19+105,82
SKU-1002,2026-03-19+106,100
SKU-1002,2026-03-19+107,115
SKU-1002,2026-03-19+108,120
SKU-1002,2026-03-19+109,129
SKU-1002,2026-03-19+110,123
SKU-1002,2026-03-19+111,83
SKU-1002,2026-03-19+112,76
SKU-1002,2026-03-19+113,91
SKU-1002,2026-03-19+114,120
SKU-1002,2026-03-19+115,112
SKU-1002,2026-03-19+116,122
SKU-1002,2026-03-19+117,103
SKU-1002,2026-03-19+118,102
SKU-1002,2026-03-19+119,91
SKU-1002,2026-03-19+120,111
SKU-1002,2026-03-19+121,111
SKU-1002,2026-03-19+122,144
SKU-1002,2026-03-19+123,108
SKU-1002,2026-03-19+124,107
SKU-1002,2026-03-19+125,88
SKU-1002,2026-03-19+126,74
SKU-1002,2026-03-19+127,123
SKU-1002,2026-03-19+128,130
SKU-1002,2026-03-19+129,103
SKU-1002,2026-03-19+130,134
SKU-1002,2026-03-19+131,98
SKU-1002,2026-03-19+132,84
SKU-1002,2026-03-19+133,87
SKU-1002,2026-03-19+134,104
SKU-1002,2026-03-19+135,93
SKU-1002,2026-03-19+136,116
SKU-1002,2026-03-19+137,138
SKU-1002,2026-03-19+138,120
SKU-1002,2026-03-19+139,104
SKU-1002,2026-03-19+140,101
SKU-1002,2026-03-19+141,76
SKU-1002,2026-03-19+142,135
SKU-1002,2026-03-19+143,104
SKU-1002,2026-03-19+144,152
SKU-1002,2026-03-19+145,108
SKU-1002,2026-03-19+146,74
SKU-1002,2026-03-19+147,104
SKU-1002,2026-03-19+148,109
SKU-1002,2026-03-19+149,96
SKU-1002,2026-03-19+150,141
SKU-1002,2026-03-19+151,117
SKU-1002,2026-03-19+152,107
SKU-1002,2026-03-19+153,81
SKU-1002,2026-03-19+154,98
SKU-1002,2026-03-19+155,84
SKU-1002,2026-03-19+156,130
SKU-1002,2026-03-19+157,167
SKU-1002,2026-03-19+158,116
SKU-1002,2026-03-19+159,109
SKU-1002,2026-03-19+160,88
SKU-1002,2026-03-19+161,78
SKU-1002,2026-03-19+162,110
SKU-1002,2026-03-19+163,127
SKU-1002,2026-03-19+164,122
SKU-1002,2026-03-19+165,157
SKU-1002,2026-03-19+166,117
SKU-1002,2026-03-19+167,85
SKU-1002,2026-03-19+168,79
SKU-1002,2026-03-19+169,93
SKU-1002,2026-03-19+170,145
SKU-1002,2026-03-19+171,137
SKU-1002,2026-03-19+172,138
SKU-1002,2026-03-19+173,105
SKU-1002,2026-03-19+174,94
SKU-1002,2026-03-19+175,84
SKU-1002,2026-03-19+176,113
SKU-1002,2026-03-19+177,125
SKU-1002,2026-03-19+178,154
SKU-1002,2026-03-19+179,142
SKU-1003,2026-03-19+000,106
SKU-1003,2026-03-19+001,116
SKU-1003,2026-03-19+002,142
SKU-1003,2026-03-19+003,160
SKU-1003,2026-03-19+004,145
SKU-1003,2026-03-19+005,149
SKU-1003,2026-03-19+006,110
SKU-1003,2026-03-19+007,128
SKU-1003,2026-03-19+008,166
SKU-1003,2026-03-19+009,161
SKU-1003,2026-03-19+010,143
SKU-1003,2026-03-19+011,158
SKU-1003,2026-03-19+012,135
SKU-1003,2026-03-19+013,91
SKU-1003,2026-03-19+014,105
SKU-1003,2026-03-19+015,135
SKU-1003,2026-03-19+016,152
SKU-1003,2026-03-19+017,161
SKU-1003,2026-03-19+018,151
SKU-1003,2026-03-19+019,166
SKU-1003,2026-03-19+020,109
SKU-1003,2026-03-19+021,98
SKU-1003,2026-03-19+022,126
SKU-1003,2026-03-19+023,181
SKU-1003,2026-03-19+024,163
SKU-1003,2026-03-19+025,176
SKU-1003,2026-03-19+026,149
SKU-1003,2026-03-19+027,122
SKU-1003,2026-03-19+028,128
SKU-1003,2026-03-19+029,123
SKU-1003,2026-03-19+030,185
SKU-1003,2026-03-19+031,162
SKU-1003,2026-03-19+032,159
SKU-1003,2026-03-19+033,158
SKU-1003,2026-03-19+034,123
SKU-1003,2026-03-19+035,110
SKU-1003,2026-03-19+036,114
SKU-1003,2026-03-19+037,175
SKU-1003,2026-03-19+038,166
SKU-1003,2026-03-19+039,150
SKU-1003,2026-03-19+040,128
SKU-1003,2026-03-19+041,116
SKU-1003,2026-03-19+042,82
SKU-1003,2026-03-19+043,139
SKU-1003,2026-03-19+044,168
SKU-1003,2026-03-19+045,168
SKU-1003,2026-03-19+046,190
SKU-1003,2026-03-19+047,149
SKU-1003,2026-03-19+048,105
SKU-1003,2026-03-19+049,102
SKU-1003,2026-03-19+050,145
SKU-1003,2026-03-19+051,135
SKU-1003,2026-03-19+052,174
SKU-1003,2026-03-19+053,157
SKU-1003,2026-03-19+054,141
SKU-1003,2026-03-19+055,117
SKU-1003,2026-03-19+056,112
SKU-1003,2026-03-19+057,153
SKU-1003,2026-03-19+058,170
SKU-1003,2026-03-19+059,175
SKU-1003,2026-03-19+060,146
SKU-1003,2026-03-19+061,153
SKU-1003,2026-03-19+062,122
SKU-1003,2026-03-19+063,131
SKU-1003,2026-03-19+064,123
SKU-1003,2026-03-19+065,167
SKU-1003,2026-03-19+066,181
SKU-1003,2026-03-19+067,169
SKU-1003,2026-03-19+068,141
SKU-1003,2026-03-19+069,91
SKU-1003,2026-03-19+070,124
SKU-1003,2026-03-19+071,146
SKU-1003,2026-03-19+072,190
SKU-1003,2026-03-19+073,233
SKU-1003,2026-03-19+074,165
SKU-1003,2026-03-19+075,141
SKU-1003,2026-03-19+076,115
SKU-1003,2026-03-19+077,139
SKU-1003,2026-03-19+078,108
SKU-1003,2026-03-19+079,178
SKU-1003,2026-03-19+080,152
SKU-1003,2026-03-19+081,119
SKU-1003,2026-03-19+082,108
SKU-1003,2026-03-19+083,97
SKU-1003,2026-03-19+084,128
SKU-1003,2026-03-19+085,123
SKU-1003,2026-03-19+086,164
SKU-1003,2026-03-19+087,159
SKU-1003,2026-03-19+088,186
SKU-1003,2026-03-19+089,124
SKU-1003,2026-03-19+090,135
SKU-1003,2026-03-19+091,100
SKU-1003,2026-03-19+092,125
SKU-1003,2026-03-19+093,172
SKU-1003,2026-03-19+094,186
SKU-1003,2026-03-19+095,204
SKU-1003,2026-03-19+096,146
SKU-1003,2026-03-19+097,100
SKU-1003,2026-03-19+098,107
SKU-1003,2026-03-19+099,129
SKU-1003,2026-03-19+100,185
SKU-1003,2026-03-19+101,195
SKU-1003,2026-03-19+102,173
SKU-1003,2026-03-19+103,159
SKU-1003,2026-03-19+104,110
SKU-1003,2026-03-19+105,113
SKU-1003,2026-03-19+106,142
SKU-1003,2026-03-19+107,202
SKU-1003,2026-03-19+108,185
SKU-1003,2026-03-19+109,168
SKU-1003,2026-03-19+110,127
SKU-1003,2026-03-19+111,128
SKU-1003,2026-03-19+112,107
SKU-1003,2026-03-19+113,145
SKU-1003,2026-03-19+114,133
SKU-1003,2026-03-19+115,212
SKU-1003,2026-03-19+116,148
SKU-1003,2026-03-19+117,132
SKU-1003,2026-03-19+118,133
SKU-1003,2026-03-19+119,97
SKU-1003,2026-03-19+120,139
SKU-1003,2026-03-19+121,174
SKU-1003,2026-03-19+122,166
SKU-1003,2026-03-19+123,206
SKU-1003,2026-03-19+124,172
SKU-1003,2026-03-19+125,91
SKU-1003,2026-03-19+126,96
SKU-1003,2026-03-19+127,154
SKU-1003,2026-03-19+128,146
SKU-1003,2026-03-19+129,181
SKU-1003,2026-03-19+130,181
SKU-1003,2026-03-19+131,159
SKU-1003,2026-03-19+132,116
SKU-1003,2026-03-19+133,118
SKU-1003,2026-03-19+134,128
SKU-1003,2026-03-19+135,201
SKU-1003,2026-03-19+136,179
SKU-1003,2026-03-19+137,186
SKU-1003,2026-03-19+138,138
SKU-1003,2026-03-19+139,121
SKU-1003,2026-03-19+140,115
SKU-1003,2026-03-19+141,139
SKU-1003,2026-03-19+142,153
SKU-1003,2026-03-19+143,210
SKU-1003,2026-03-19+144,210
SKU-1003,2026-03-19+145,152
SKU-1003,2026-03-19+146,131
SKU-1003,2026-03-19+147,130
SKU-1003,2026-03-19+148,158
SKU-1003,2026-03-19+149,182
SKU-1003,2026-03-19+150,197
SKU-1003,2026-03-19+151,199
SKU-1003,2026-03-19+152,150
SKU-1003,2026-03-19+153,107
SKU-1003,2026-03-19+154,119
SKU-1003,2026-03-19+155,111
SKU-1003,2026-03-19+156,176
SKU-1003,2026-03-19+157,203
SKU-1003,2026-03-19+158,208
SKU-1003,2026-03-19+159,152
SKU-1003,2026-03-19+160,135
SKU-1003,2026-03-19+161,119
SKU-1003,2026-03-19+162,126
SKU-1003,2026-03-19+163,147
SKU-1003,2026-03-19+164,171
SKU-1003,2026-03-19+165,152
SKU-1003,2026-03-19+166,161
SKU-1003,2026-03-19+167,119
SKU-1003,2026-03-19+168,128
SKU-1003,2026-03-19+169,145
SKU-1003,2026-03-19+170,200
SKU-1003,2026-03-19+171,220
SKU-1003,2026-03-19+172,169
SKU-1003,2026-03-19+173,145
SKU-1003,2026-03-19+174,115
SKU-1003,2026-03-19+175,97
SKU-1003,2026-03-19+176,157
SKU-1003,2026-03-19+177,204
SKU-1003,2026-03-19+178,195
SKU-1003,2026-03-19+179,173
SKU-1004,2026-03-19+000,191
SKU-1004,2026-03-19+001,146
SKU-1004,2026-03-19+002,256
SKU-1004,2026-03-19+003,280
SKU-1004,2026-03-19+004,240
SKU-1004,2026-03-19+005,248
SKU-1004,2026-03-19+006,193
SKU-1004,2026-03-19+007,164
SKU-1004,2026-03-19+008,202
SKU-1004,2026-03-19+009,240
SKU-1004,2026-03-19+010,259
SKU-1004,2026-03-19+011,218
SKU-1004,2026-03-19+012,248
SKU-1004,2026-03-19+013,195
SKU-1004,2026-03-19+014,186
SKU-1004,2026-03-19+015,178
SKU-1004,2026-03-19+016,315
SKU-1004,2026-03-19+017,342
SKU-1004,2026-03-19+018,265
SKU-1004,2026-03-19+019,190
SKU-1004,2026-03-19+020,156
SKU-1004,2026-03-19+021,178
SKU-1004,2026-03-19+022,183
SKU-1004,2026-03-19+023,252
SKU-1004,2026-03-19+024,313
SKU-1004,2026-03-19+025,213
SKU-1004,2026-03-19+026,265
SKU-1004,2026-03-19+027,207
SKU-1004,2026-03-19+028,145
SKU-1004,2026-03-19+029,171
SKU-1004,2026-03-19+030,245
SKU-1004,2026-03-19+031,243
SKU-1004,2026-03-19+032,252
SKU-1004,2026-03-19+033,148
SKU-1004,2026-03-19+034,170
SKU-1004,2026-03-19+035,208
SKU-1004,2026-03-19+036,178
SKU-1004,2026-03-19+037,246
SKU-1004,2026-03-19+038,229
SKU-1004,2026-03-19+039,281
SKU-1004,2026-03-19+040,209
SKU-1004,2026-03-19+041,216
SKU-1004,2026-03-19+042,175
SKU-1004,2026-03-19+043,197
SKU-1004,2026-03-19+044,271
SKU-1004,2026-03-19+045,262
SKU-1004,2026-03-19+046,219
SKU-1004,2026-03-19+047,223
SKU-1004,2026-03-19+048,172
SKU-1004,2026-03-19+049,175
SKU-1004,2026-03-19+050,216
SKU-1004,2026-03-19+051,239
SKU-1004,2026-03-19+052,294
SKU-1004,2026-03-19+053,317
SKU-1004,2026-03-19+054,187
SKU-1004,2026-03-19+055,212
SKU-1004,2026-03-19+056,167
SKU-1004,2026-03-19+057,188
SKU-1004,2026-03-19+058,330
SKU-1004,2026-03-19+059,285
SKU-1004,2026-03-19+060,306
SKU-1004,2026-03-19+061,238
SKU-1004,2026-03-19+062,141
SKU-1004,2026-03-19+063,175
SKU-1004,2026-03-19+064,195
SKU-1004,2026-03-19+065,215
SKU-1004,2026-03-19+066,221
SKU-1004,2026-03-19+067,267
SKU-1004,2026-03-19+068,232
SKU-1004,2026-03-19+069,185
SKU-1004,2026-03-19+070,166
SKU-1004,2026-03-19+071,188
SKU-1004,2026-03-19+072,226
SKU-1004,2026-03-19+073,263
SKU-1004,2026-03-19+074,231
SKU-1004,2026-03-19+075,212
SKU-1004,2026-03-19+076,176
SKU-1004,2026-03-19+077,154
SKU-1004,2026-03-19+078,203
SKU-1004,2026-03-19+079,234
SKU-1004,2026-03-19+080,282
SKU-1004,2026-03-19+081,281
SKU-1004,2026-03-19+082,222
SKU-1004,2026-03-19+083,187
SKU-1004,2026-03-19+084,139
SKU-1004,2026-03-19+085,200
SKU-1004,2026-03-19+086,267
SKU-1004,2026-03-19+087,305
SKU-1004,2026-03-19+088,214
SKU-1004,2026-03-19+089,222
SKU-1004,2026-03-19+090,203
SKU-1004,2026-03-19+091,170
SKU-1004,2026-03-19+092,207
SKU-1004,2026-03-19+093,273
SKU-1004,2026-03-19+094,292
SKU-1004,2026-03-19+095,287
SKU-1004,2026-03-19+096,221
SKU-1004,2026-03-19+097,181
SKU-1004,2026-03-19+098,158
SKU-1004,2026-03-19+099,206
SKU-1004,2026-03-19+100,298
SKU-1004,2026-03-19+101,277
SKU-1004,2026-03-19+102,261
SKU-1004,2026-03-19+103,206
SKU-1004,2026-03-19+104,195
SKU-1004,2026-03-19+105,157
SKU-1004,2026-03-19+106,234
SKU-1004,2026-03-19+107,231
SKU-1004,2026-03-19+108,249
SKU-1004,2026-03-19+109,273
SKU-1004,2026-03-19+110,223
SKU-1004,2026-03-19+111,185
SKU-1004,2026-03-19+112,197
SKU-1004,2026-03-19+113,201
SKU-1004,2026-03-19+114,274
SKU-1004,2026-03-19+115,254
SKU-1004,2026-03-19+116,308
SKU-1004,2026-03-19+117,237
SKU-1004,2026-03-19+118,191
SKU-1004,2026-03-19+119,179
SKU-1004,2026-03-19+120,192
SKU-1004,2026-03-19+121,251
SKU-1004,2026-03-19+122,303
SKU-1004,2026-03-19+123,267
SKU-1004,2026-03-19+124,224
SKU-1004,2026-03-19+125,150
SKU-1004,2026-03-19+126,180
SKU-1004,2026-03-19+127,195
SKU-1004,2026-03-19+128,228
SKU-1004,2026-03-19+129,281
SKU-1004,2026-03-19+130,209
SKU-1004,2026-03-19+131,240
SKU-1004,2026-03-19+132,198
SKU-1004,2026-03-19+133,175
SKU-1004,2026-03-19+134,187
SKU-1004,2026-03-19+135,232
SKU-1004,2026-03-19+136,282
SKU-1004,2026-03-19+137,191
SKU-1004,2026-03-19+138,227
SKU-1004,2026-03-19+139,195
SKU-1004,2026-03-19+140,170
SKU-1004,2026-03-19+141,201
SKU-1004,2026-03-19+142,268
SKU-1004,2026-03-19+143,300
SKU-1004,2026-03-19+144,305
SKU-1004,2026-03-19+145,223
SKU-1004,2026-03-19+146,166
SKU-1004,2026-03-19+147,167
SKU-1004,2026-03-19+148,218
SKU-1004,2026-03-19+149,312
SKU-1004,2026-03-19+150,277
SKU-1004,2026-03-19+151,236
SKU-1004,2026-03-19+152,199
SKU-1004,2026-03-19+153,136
SKU-1004,2026-03-19+154,184
SKU-1004,2026-03-19+155,179
SKU-1004,2026-03-19+156,225
SKU-1004,2026-03-19+157,221
SKU-1004,2026-03-19+158,235
SKU-1004,2026-03-19+159,238
SKU-1004,2026-03-19+160,153
SKU-1004,2026-03-19+161,140
SKU-1004,2026-03-19+162,219
SKU-1004,2026-03-19+163,254
SKU-1004,2026-03-19+164,305
SKU-1004,2026-03-19+165,296
SKU-1004,2026-03-19+166,223
SKU-1004,2026-03-19+167,154
SKU-1004,2026-03-19+168,176
SKU-1004,2026-03-19+169,228
SKU-1004,2026-03-19+170,247
SKU-1004,2026-03-19+171,240
SKU-1004,2026-03-19+172,308
SKU-1004,2026-03-19+173,213
SKU-1004,2026-03-19+174,173
SKU-1004,2026-03-19+175,179
SKU-1004,2026-03-19+176,242
SKU-1004,2026-03-19+177,274
SKU-1004,2026-03-19+178,279
SKU-1004,2026-03-19+179,295
SKU-2001,2026-03-19+000,21
SKU-2001,2026-03-19+001,24
SKU-2001,2026-03-19+002,27
SKU-2001,2026-03-19+003,24
SKU-2001,2026-03-19+004,38
SKU-2001,2026-03-19+005,18
SKU-2001,2026-03-19+006,17
SKU-2001,2026-03-19+007,16
SKU-2001,2026-03-19+008,25
SKU-2001,2026-03-19+009,27
SKU-2001,2026-03-19+010,23
SKU-2001,2026-03-19+011,27
SKU-2001,2026-03-19+012,23
SKU-2001,2026-03-19+013,17
SKU-2001,2026-03-19+014,15
SKU-2001,2026-03-19+015,19
SKU-2001,2026-03-19+016,25
SKU-2001,2026-03-19+017,29
SKU-2001,2026-03-19+018,25
SKU-2001,2026-03-19+019,24
SKU-2001,2026-03-19+020,16
SKU-2001,2026-03-19+021,14
SKU-2001,2026-03-19+022,20
SKU-2001,2026-03-19+023,31
SKU-2001,2026-03-19+024,27
SKU-2001,2026-03-19+025,35
SKU-2001,2026-03-19+026,24
SKU-2001,2026-03-19+027,16
SKU-2001,2026-03-19+028,16
SKU-2001,2026-03-19+029,23
SKU-2001,2026-03-19+030,23
SKU-2001,2026-03-19+031,38
SKU-2001,2026-03-19+032,25
SKU-2001,2026-03-19+033,25
SKU-2001,2026-03-19+034,22
SKU-2001,2026-03-19+035,18
SKU-2001,2026-03-19+036,20
SKU-2001,2026-03-19+037,27
SKU-2001,2026-03-19+038,32
SKU-2001,2026-03-19+039,31
SKU-2001,2026-03-19+040,24
SKU-2001,2026-03-19+041,16
SKU-2001,2026-03-19+042,19
SKU-2001,2026-03-19+043,21
SKU-2001,2026-03-19+044,21
SKU-2001,2026-03-19+045,28
SKU-2001,2026-03-19+046,24
SKU-2001,2026-03-19+047,26
SKU-2001,2026-03-19+048,24
SKU-2001,2026-03-19+049,23
SKU-2001,2026-03-19+050,21
SKU-2001,2026-03-19+051,27
SKU-2001,2026-03-19+052,34
SKU-2001,2026-03-19+053,33
SKU-2001,2026-03-19+054,23
SKU-2001,2026-03-19+055,19
SKU-2001,2026-03-19+056,25
SKU-2001,2026-03-19+057,23
SKU-2001,2026-03-19+058,27
SKU-2001,2026-03-19+059,32
SKU-2001,2026-03-19+060,32
SKU-2001,2026-03-19+061,22
SKU-2001,2026-03-19+062,19
SKU-2001,2026-03-19+063,17
SKU-2001,2026-03-19+064,23
SKU-2001,2026-03-19+065,36
SKU-2001,2026-03-19+066,35
SKU-2001,2026-03-19+067,30
SKU-2001,2026-03-19+068,22
SKU-2001,2026-03-19+069,20
SKU-2001,2026-03-19+070,23
SKU-2001,2026-03-19+071,23
SKU-2001,2026-03-19+072,35
SKU-2001,2026-03-19+073,27
SKU-2001,2026-03-19+074,30
SKU-2001,2026-03-19+075,31
SKU-2001,2026-03-19+076,16
SKU-2001,2026-03-19+077,23
SKU-2001,2026-03-19+078,19
SKU-2001,2026-03-19+079,30
SKU-2001,2026-03-19+080,33
SKU-2001,2026-03-19+081,34
SKU-2001,2026-03-19+082,16
SKU-2001,2026-03-19+083,16
SKU-2001,2026-03-19+084,19
SKU-2001,2026-03-19+085,25
SKU-2001,2026-03-19+086,28
SKU-2001,2026-03-19+087,33
SKU-2001,2026-03-19+088,27
SKU-2001,2026-03-19+089,25
SKU-2001,2026-03-19+090,19
SKU-2001,2026-03-19+091,22
SKU-2001,2026-03-19+092,27
SKU-2001,2026-03-19+093,37
SKU-2001,2026-03-19+094,32
SKU-2001,2026-03-19+095,31
SKU-2001,2026-03-19+096,27
SKU-2001,2026-03-19+097,21
SKU-2001,2026-03-19+098,21
SKU-2001,2026-03-19+099,21
SKU-2001,2026-03-19+100,33
SKU-2001,2026-03-19+101,31
SKU-2001,2026-03-19+102,29
SKU-2001,2026-03-19+103,22
SKU-2001,2026-03-19+104,25
SKU-2001,2026-03-19+105,21
SKU-2001,2026-03-19+106,30
SKU-2001,2026-03-19+107,33
SKU-2001,2026-03-19+108,28
SKU-2001,2026-03-19+109,29
SKU-2001,2026-03-19+110,30
SKU-2001,2026-03-19+111,20
SKU-2001,2026-03-19+112,19
SKU-2001,2026-03-19+113,26
SKU-2001,2026-03-19+114,32
SKU-2001,2026-03-19+115,32
SKU-2001,2026-03-19+116,32
SKU-2001,2026-03-19+117,26
SKU-2001,2026-03-19+118,16
SKU-2001,2026-03-19+119,24
SKU-2001,2026-03-19+120,24
SKU-2001,2026-03-19+121,38
SKU-2001,2026-03-19+122,31
SKU-2001,2026-03-19+123,28
SKU-2001,2026-03-19+124,32
SKU-2001,2026-03-19+125,19
SKU-2001,2026-03-19+126,21
SKU-2001,2026-03-19+127,29
SKU-2001,2026-03-19+128,32
SKU-2001,2026-03-19+129,30
SKU-2001,2026-03-19+130,35
SKU-2001,2026-03-19+131,28
SKU-2001,2026-03-19+132,27
SKU-2001,2026-03-19+133,24
SKU-2001,2026-03-19+134,38
SKU-2001,2026-03-19+135,27
SKU-2001,2026-03-19+136,37
SKU-2001,2026-03-19+137,31
SKU-2001,2026-03-19+138,33
SKU-2001,2026-03-19+139,26
SKU-2001,2026-03-19+140,25
SKU-2001,2026-03-19+141,25
SKU-2001,2026-03-19+142,31
SKU-2001,2026-03-19+143,29
SKU-2001,2026-03-19+144,43
SKU-2001,2026-03-19+145,31
SKU-2001,2026-03-19+146,23
SKU-2001,2026-03-19+147,26
SKU-2001,2026-03-19+148,31
SKU-2001,2026-03-19+149,39
SKU-2001,2026-03-19+150,31
SKU-2001,2026-03-19+151,33
SKU-2001,2026-03-19+152,30
SKU-2001,2026-03-19+153,25
SKU-2001,2026-03-19+154,27
SKU-2001,2026-03-19+155,25
SKU-2001,2026-03-19+156,36
SKU-2001,2026-03-19+157,49
SKU-2001,2026-03-19+158,40
SKU-2001,2026-03-19+159,33
SKU-2001,2026-03-19+160,25
SKU-2001,2026-03-19+161,26
SKU-2001,2026-03-19+162,35
SKU-2001,2026-03-19+163,36
SKU-2001,2026-03-19+164,45
SKU-2001,2026-03-19+165,33
SKU-2001,2026-03-19+166,33
SKU-2001,2026-03-19+167,28
SKU-2001,2026-03-19+168,22
SKU-2001,2026-03-19+169,33
SKU-2001,2026-03-19+170,34
SKU-2001,2026-03-19+171,36
SKU-2001,2026-03-19+172,38
SKU-2001,2026-03-19+173,38
SKU-2001,2026-03-19+174,110
SKU-2001,2026-03-19+175,28
SKU-2001,2026-03-19+176,27
SKU-2001,2026-03-19+177,37
SKU-2001,2026-03-19+178,35
SKU-2001,2026-03-19+179,35
SKU-2002,2026-03-19+000,7
SKU-2002,2026-03-19+001,7
SKU-2002,2026-03-19+002,11
SKU-2002,2026-03-19+003,10
SKU-2002,2026-03-19+004,9
SKU-2002,2026-03-19+005,9
SKU-2002,2026-03-19+006,6
SKU-2002,2026-03-19+007,5
SKU-2002,2026-03-19+008,9
SKU-2002,2026-03-19+009,10
SKU-2002,2026-03-19+010,7
SKU-2002,2026-03-19+011,10
SKU-2002,2026-03-19+012,7
SKU-2002,2026-03-19+013,8
SKU-2002,2026-03-19+014,6
SKU-2002,2026-03-19+015,7
SKU-2002,2026-03-19+016,8
SKU-2002,2026-03-19+017,9
SKU-2002,2026-03-19+018,9
SKU-2002,2026-03-19+019,7
SKU-2002,2026-03-19+020,6
SKU-2002,2026-03-19+021,5
SKU-2002,2026-03-19+022,6
SKU-2002,2026-03-19+023,8
SKU-2002,2026-03-19+024,10
SKU-2002,2026-03-19+025,9
SKU-2002,2026-03-19+026,7
SKU-2002,2026-03-19+027,7
SKU-2002,2026-03-19+028,6
SKU-2002,2026-03-19+029,7
SKU-2002,2026-03-19+030,9
SKU-2002,2026-03-19+031,12
SKU-2002,2026-03-19+032,10
SKU-2002,2026-03-19+033,9
SKU-2002,2026-03-19+034,5
SKU-2002,2026-03-19+035,6
SKU-2002,2026-03-19+036,6
SKU-2002,2026-03-19+037,9
SKU-2002,2026-03-19+038,11
SKU-2002,2026-03-19+039,9
SKU-2002,2026-03-19+040,9
SKU-2002,2026-03-19+041,6
SKU-2002,2026-03-19+042,7
SKU-2002,2026-03-19+043,6
SKU-2002,2026-03-19+044,9
SKU-2002,2026-03-19+045,11
SKU-2002,2026-03-19+046,11
SKU-2002,2026-03-19+047,8
SKU-2002,2026-03-19+048,8
SKU-2002,2026-03-19+049,6
SKU-2002,2026-03-19+050,7
SKU-2002,2026-03-19+051,7
SKU-2002,2026-03-19+052,13
SKU-2002,2026-03-19+053,10
SKU-2002,2026-03-19+054,7
SKU-2002,2026-03-19+055,8
SKU-2002,2026-03-19+056,8
SKU-2002,2026-03-19+057,8
SKU-2002,2026-03-19+058,8
SKU-2002,2026-03-19+059,11
SKU-2002,2026-03-19+060,9
SKU-2002,2026-03-19+061,7
SKU-2002,2026-03-19+062,8
SKU-2002,2026-03-19+063,5
SKU-2002,2026-03-19+064,9
SKU-2002,2026-03-19+065,10
SKU-2002,2026-03-19+066,14
SKU-2002,2026-03-19+067,11
SKU-2002,2026-03-19+068,6
SKU-2002,2026-03-19+069,6
SKU-2002,2026-03-19+070,7
SKU-2002,2026-03-19+071,8
SKU-2002,2026-03-19+072,11
SKU-2002,2026-03-19+073,8
SKU-2002,2026-03-19+074,10
SKU-2002,2026-03-19+075,9
SKU-2002,2026-03-19+076,8
SKU-2002,2026-03-19+077,8
SKU-2002,2026-03-19+078,8
SKU-2002,2026-03-19+079,11
SKU-2002,2026-03-19+080,13
SKU-2002,2026-03-19+081,12
SKU-2002,2026-03-19+082,9
SKU-2002,2026-03-19+083,8
SKU-2002,2026-03-19+084,6
SKU-2002,2026-03-19+085,7
SKU-2002,2026-03-19+086,11
SKU-2002,2026-03-19+087,11
SKU-2002,2026-03-19+088,10
SKU-2002,2026-03-19+089,8
SKU-2002,2026-03-19+090,7
SKU-2002,2026-03-19+091,7
SKU-2002,2026-03-19+092,7
SKU-2002,2026-03-19+093,10
SKU-2002,2026-03-19+094,12
SKU-2002,2026-03-19+095,10
SKU-2002,2026-03-19+096,8
SKU-2002,2026-03-19+097,8
SKU-2002,2026-03-19+098,8
SKU-2002,2026-03-19+099,8
SKU-2002,2026-03-19+100,12
SKU-2002,2026-03-19+101,13
SKU-2002,2026-03-19+102,7
SKU-2002,2026-03-19+103,8
SKU-2002,2026-03-19+104,7
SKU-2002,2026-03-19+105,8
SKU-2002,2026-03-19+106,9
SKU-2002,2026-03-19+107,11
SKU-2002,2026-03-19+108,12
SKU-2002,2026-03-19+109,10
SKU-2002,2026-03-19+110,8
SKU-2002,2026-03-19+111,6
SKU-2002,2026-03-19+112,7
SKU-2002,2026-03-19+113,8
SKU-2002,2026-03-19+114,11
SKU-2002,2026-03-19+115,11
SKU-2002,2026-03-19+116,12
SKU-2002,2026-03-19+117,10
SKU-2002,2026-03-19+118,9
SKU-2002,2026-03-19+119,8
SKU-2002,2026-03-19+120,9
SKU-2002,2026-03-19+121,11
SKU-2002,2026-03-19+122,12
SKU-2002,2026-03-19+123,10
SKU-2002,2026-03-19+124,10
SKU-2002,2026-03-19+125,9
SKU-2002,2026-03-19+126,9
SKU-2002,2026-03-19+127,9
SKU-2002,2026-03-19+128,11
SKU-2002,2026-03-19+129,12
SKU-2002,2026-03-19+130,11
SKU-2002,2026-03-19+131,10
SKU-2002,2026-03-19+132,7
SKU-2002,2026-03-19+133,7
SKU-2002,2026-03-19+134,11
SKU-2002,2026-03-19+135,11
SKU-2002,2026-03-19+136,12
SKU-2002,2026-03-19+137,12
SKU-2002,2026-03-19+138,9
SKU-2002,2026-03-19+139,8
SKU-2002,2026-03-19+140,7
SKU-2002,2026-03-19+141,8
SKU-2002,2026-03-19+142,11
SKU-2002,2026-03-19+143,10
SKU-2002,2026-03-19+144,11
SKU-2002,2026-03-19+145,8
SKU-2002,2026-03-19+146,8
SKU-2002,2026-03-19+147,8
SKU-2002,2026-03-19+148,9
SKU-2002,2026-03-19+149,11
SKU-2002,2026-03-19+150,13
SKU-2002,2026-03-19+151,9
SKU-2002,2026-03-19+152,8
SKU-2002,2026-03-19+153,7
SKU-2002,2026-03-19+154,8
SKU-2002,2026-03-19+155,9
SKU-2002,2026-03-19+156,10
SKU-2002,2026-03-19+157,12
SKU-2002,2026-03-19+158,11
SKU-2002,2026-03-19+159,8
SKU-2002,2026-03-19+160,8
SKU-2002,2026-03-19+161,7
SKU-2002,2026-03-19+162,10
SKU-2002,2026-03-19+163,12
SKU-2002,2026-03-19+164,13
SKU-2002,2026-03-19+165,12
SKU-2002,2026-03-19+166,8
SKU-2002,2026-03-19+167,7
SKU-2002,2026-03-19+168,6
SKU-2002,2026-03-19+169,12
SKU-2002,2026-03-19+170,10
SKU-2002,2026-03-19+171,12
SKU-2002,2026-03-19+172,11
SKU-2002,2026-03-19+173,9
SKU-2002,2026-03-19+174,7
SKU-2002,2026-03-19+175,6
SKU-2002,2026-03-19+176,8
SKU-2002,2026-03-19+177,9
SKU-2002,2026-03-19+178,12
SKU-2002,2026-03-19+179,11
SKU-2003,2026-03-19+000,25
SKU-2003,2026-03-19+001,33
SKU-2003,2026-03-19+002,37
SKU-2003,2026-03-19+003,49
SKU-2003,2026-03-19+004,39
SKU-2003,2026-03-19+005,35
SKU-2003,2026-03-19+006,23
SKU-2003,2026-03-19+007,29
SKU-2003,2026-03-19+008,31
SKU-2003,2026-03-19+009,43
SKU-2003,2026-03-19+010,46
SKU-2003,2026-03-19+011,41
SKU-2003,2026-03-19+012,35
SKU-2003,2026-03-19+013,27
SKU-2003,2026-03-19+014,32
SKU-2003,2026-03-19+015,37
SKU-2003,2026-03-19+016,44
SKU-2003,2026-03-19+017,39
SKU-2003,2026-03-19+018,37
SKU-2003,2026-03-19+019,32
SKU-2003,2026-03-19+020,28
SKU-2003,2026-03-19+021,29
SKU-2003,2026-03-19+022,30
SKU-2003,2026-03-19+023,48
SKU-2003,2026-03-19+024,46
SKU-2003,2026-03-19+025,33
SKU-2003,2026-03-19+026,33
SKU-2003,2026-03-19+027,20
SKU-2003,2026-03-19+028,26
SKU-2003,2026-03-19+029,32
SKU-2003,2026-03-19+030,39
SKU-2003,2026-03-19+031,45
SKU-2003,2026-03-19+032,42
SKU-2003,2026-03-19+033,33
SKU-2003,2026-03-19+034,35
SKU-2003,2026-03-19+035,33
SKU-2003,2026-03-19+036,30
SKU-2003,2026-03-19+037,49
SKU-2003,2026-03-19+038,38
SKU-2003,2026-03-19+039,40
SKU-2003,2026-03-19+040,43
SKU-2003,2026-03-19+041,22
SKU-2003,2026-03-19+042,31
SKU-2003,2026-03-19+043,30
SKU-2003,2026-03-19+044,43
SKU-2003,2026-03-19+045,47
SKU-2003,2026-03-19+046,54
SKU-2003,2026-03-19+047,33
SKU-2003,2026-03-19+048,30
SKU-2003,2026-03-19+049,32
SKU-2003,2026-03-19+050,35
SKU-2003,2026-03-19+051,40
SKU-2003,2026-03-19+052,48
SKU-2003,2026-03-19+053,46
SKU-2003,2026-03-19+054,41
SKU-2003,2026-03-19+055,27
SKU-2003,2026-03-19+056,28
SKU-2003,2026-03-19+057,37
SKU-2003,2026-03-19+058,44
SKU-2003,2026-03-19+059,48
SKU-2003,2026-03-19+060,46
SKU-2003,2026-03-19+061,35
SKU-2003,2026-03-19+062,28
SKU-2003,2026-03-19+063,32
SKU-2003,2026-03-19+064,32
SKU-2003,2026-03-19+065,51
SKU-2003,2026-03-19+066,51
SKU-2003,2026-03-19+067,39
SKU-2003,2026-03-19+068,40
SKU-2003,2026-03-19+069,32
SKU-2003,2026-03-19+070,33
SKU-2003,2026-03-19+071,42
SKU-2003,2026-03-19+072,44
SKU-2003,2026-03-19+073,46
SKU-2003,2026-03-19+074,44
SKU-2003,2026-03-19+075,34
SKU-2003,2026-03-19+076,29
SKU-2003,2026-03-19+077,32
SKU-2003,2026-03-19+078,38
SKU-2003,2026-03-19+079,43
SKU-2003,2026-03-19+080,46
SKU-2003,2026-03-19+081,50
SKU-2003,2026-03-19+082,37
SKU-2003,2026-03-19+083,28
SKU-2003,2026-03-19+084,31
SKU-2003,2026-03-19+085,37
SKU-2003,2026-03-19+086,41
SKU-2003,2026-03-19+087,56
SKU-2003,2026-03-19+088,53
SKU-2003,2026-03-19+089,40
SKU-2003,2026-03-19+090,33
SKU-2003,2026-03-19+091,34
SKU-2003,2026-03-19+092,38
SKU-2003,2026-03-19+093,52
SKU-2003,2026-03-19+094,62
SKU-2003,2026-03-19+095,49
SKU-2003,2026-03-19+096,42
SKU-2003,2026-03-19+097,36
SKU-2003,2026-03-19+098,31
SKU-2003,2026-03-19+099,34
SKU-2003,2026-03-19+100,53
SKU-2003,2026-03-19+101,43
SKU-2003,2026-03-19+102,60
SKU-2003,2026-03-19+103,45
SKU-2003,2026-03-19+104,34
SKU-2003,2026-03-19+105,33
SKU-2003,2026-03-19+106,48
SKU-2003,2026-03-19+107,43
SKU-2003,2026-03-19+108,46
SKU-2003,2026-03-19+109,46
SKU-2003,2026-03-19+110,40
SKU-2003,2026-03-19+111,29
SKU-2003,2026-03-19+112,33
SKU-2003,2026-03-19+113,40
SKU-2003,2026-03-19+114,44
SKU-2003,2026-03-19+115,64
SKU-2003,2026-03-19+116,42
SKU-2003,2026-03-19+117,35
SKU-2003,2026-03-19+118,35
SKU-2003,2026-03-19+119,32
SKU-2003,2026-03-19+120,42
SKU-2003,2026-03-19+121,46
SKU-2003,2026-03-19+122,48
SKU-2003,2026-03-19+123,47
SKU-2003,2026-03-19+124,39
SKU-2003,2026-03-19+125,36
SKU-2003,2026-03-19+126,32
SKU-2003,2026-03-19+127,44
SKU-2003,2026-03-19+128,54
SKU-2003,2026-03-19+129,62
SKU-2003,2026-03-19+130,57
SKU-2003,2026-03-19+131,47
SKU-2003,2026-03-19+132,38
SKU-2003,2026-03-19+133,32
SKU-2003,2026-03-19+134,40
SKU-2003,2026-03-19+135,40
SKU-2003,2026-03-19+136,58
SKU-2003,2026-03-19+137,48
SKU-2003,2026-03-19+138,45
SKU-2003,2026-03-19+139,37
SKU-2003,2026-03-19+140,29
SKU-2003,2026-03-19+141,36
SKU-2003,2026-03-19+142,49
SKU-2003,2026-03-19+143,53
SKU-2003,2026-03-19+144,54
SKU-2003,2026-03-19+145,37
SKU-2003,2026-03-19+146,36
SKU-2003,2026-03-19+147,28
SKU-2003,2026-03-19+148,31
SKU-2003,2026-03-19+149,56
SKU-2003,2026-03-19+150,48
SKU-2003,2026-03-19+151,50
SKU-2003,2026-03-19+152,36
SKU-2003,2026-03-19+153,30
SKU-2003,2026-03-19+154,33
SKU-2003,2026-03-19+155,40
SKU-2003,2026-03-19+156,59
SKU-2003,2026-03-19+157,61
SKU-2003,2026-03-19+158,52
SKU-2003,2026-03-19+159,48
SKU-2003,2026-03-19+160,41
SKU-2003,2026-03-19+161,37
SKU-2003,2026-03-19+162,41
SKU-2003,2026-03-19+163,59
SKU-2003,2026-03-19+164,70
SKU-2003,2026-03-19+165,59
SKU-2003,2026-03-19+166,54
SKU-2003,2026-03-19+167,41
SKU-2003,2026-03-19+168,40
SKU-2003,2026-03-19+169,38
SKU-2003,2026-03-19+170,46
SKU-2003,2026-03-19+171,58
SKU-2003,2026-03-19+172,44
SKU-2003,2026-03-19+173,42
SKU-2003,2026-03-19+174,41
SKU-2003,2026-03-19+175,33
SKU-2003,2026-03-19+176,47
SKU-2003,2026-03-19+177,45
SKU-2003,2026-03-19+178,56
SKU-2003,2026-03-19+179,62
SKU-2004,2026-03-19+000,22
SKU-2004,2026-03-19+001,27
SKU-2004,2026-03-19+002,39
SKU-2004,2026-03-19+003,41
SKU-2004,2026-03-19+004,29
SKU-2004,2026-03-19+005,31
SKU-2004,2026-03-19+006,20
SKU-2004,2026-03-19+007,22
SKU-2004,2026-03-19+008,26
SKU-2004,2026-03-19+009,36
SKU-2004,2026-03-19+010,30
SKU-2004,2026-03-19+011,35
SKU-2004,2026-03-19+012,29
SKU-2004,2026-03-19+013,24
SKU-2004,2026-03-19+014,21
SKU-2004,2026-03-19+015,29
SKU-2004,2026-03-19+016,30
SKU-2004,2026-03-19+017,40
SKU-2004,2026-03-19+018,35
SKU-2004,2026-03-19+019,23
SKU-2004,2026-03-19+020,23
SKU-2004,2026-03-19+021,22
SKU-2004,2026-03-19+022,25
SKU-2004,2026-03-19+023,30
SKU-2004,2026-03-19+024,35
SKU-2004,2026-03-19+025,28
SKU-2004,2026-03-19+026,33
SKU-2004,2026-03-19+027,19
SKU-2004,2026-03-19+028,20
SKU-2004,2026-03-19+029,30
SKU-2004,2026-03-19+030,35
SKU-2004,2026-03-19+031,39
SKU-2004,2026-03-19+032,40
SKU-2004,2026-03-19+033,27
SKU-2004,2026-03-19+034,20
SKU-2004,2026-03-19+035,24
SKU-2004,2026-03-19+036,29
SKU-2004,2026-03-19+037,31
SKU-2004,2026-03-19+038,30
SKU-2004,2026-03-19+039,39
SKU-2004,2026-03-19+040,30
SKU-2004,2026-03-19+041,19
SKU-2004,2026-03-19+042,24
SKU-2004,2026-03-19+043,22
SKU-2004,2026-03-19+044,31
SKU-2004,2026-03-19+045,31
SKU-2004,2026-03-19+046,31
SKU-2004,2026-03-19+047,25
SKU-2004,2026-03-19+048,21
SKU-2004,2026-03-19+049,24
SKU-2004,2026-03-19+050,28
SKU-2004,2026-03-19+051,36
SKU-2004,2026-03-19+052,41
SKU-2004,2026-03-19+053,32
SKU-2004,2026-03-19+054,28
SKU-2004,2026-03-19+055,24
SKU-2004,2026-03-19+056,27
SKU-2004,2026-03-19+057,30
SKU-2004,2026-03-19+058,39
SKU-2004,2026-03-19+059,41
SKU-2004,2026-03-19+060,38
SKU-2004,2026-03-19+061,22
SKU-2004,2026-03-19+062,25
SKU-2004,2026-03-19+063,23
SKU-2004,2026-03-19+064,27
SKU-2004,2026-03-19+065,31
SKU-2004,2026-03-19+066,35
SKU-2004,2026-03-19+067,36
SKU-2004,2026-03-19+068,31
SKU-2004,2026-03-19+069,19
SKU-2004,2026-03-19+070,23
SKU-2004,2026-03-19+071,25
SKU-2004,2026-03-19+072,30
SKU-2004,2026-03-19+073,38
SKU-2004,2026-03-19+074,33
SKU-2004,2026-03-19+075,26
SKU-2004,2026-03-19+076,21
SKU-2004,2026-03-19+077,23
SKU-2004,2026-03-19+078,27
SKU-2004,2026-03-19+079,29
SKU-2004,2026-03-19+080,33
SKU-2004,2026-03-19+081,34
SKU-2004,2026-03-19+082,30
SKU-2004,2026-03-19+083,20
SKU-2004,2026-03-19+084,24
SKU-2004,2026-03-19+085,25
SKU-2004,2026-03-19+086,45
SKU-2004,2026-03-19+087,33
SKU-2004,2026-03-19+088,31
SKU-2004,2026-03-19+089,29
SKU-2004,2026-03-19+090,21
SKU-2004,2026-03-19+091,25
SKU-2004,2026-03-19+092,33
SKU-2004,2026-03-19+093,32
SKU-2004,2026-03-19+094,38
SKU-2004,2026-03-19+095,33
SKU-2004,2026-03-19+096,29
SKU-2004,2026-03-19+097,27
SKU-2004,2026-03-19+098,25
SKU-2004,2026-03-19+099,25
SKU-2004,2026-03-19+100,40
SKU-2004,2026-03-19+101,43
SKU-2004,2026-03-19+102,37
SKU-2004,2026-03-19+103,27
SKU-2004,2026-03-19+104,24
SKU-2004,2026-03-19+105,21
SKU-2004,2026-03-19+106,29
SKU-2004,2026-03-19+107,33
SKU-2004,2026-03-19+108,27
SKU-2004,2026-03-19+109,39
SKU-2004,2026-03-19+110,30
SKU-2004,2026-03-19+111,27
SKU-2004,2026-03-19+112,23
SKU-2004,2026-03-19+113,28
SKU-2004,2026-03-19+114,39
SKU-2004,2026-03-19+115,39
SKU-2004,2026-03-19+116,37
SKU-2004,2026-03-19+117,40
SKU-2004,2026-03-19+118,23
SKU-2004,2026-03-19+119,24
SKU-2004,2026-03-19+120,34
SKU-2004,2026-03-19+121,31
SKU-2004,2026-03-19+122,33
SKU-2004,2026-03-19+123,29
SKU-2004,2026-03-19+124,31
SKU-2004,2026-03-19+125,26
SKU-2004,2026-03-19+126,25
SKU-2004,2026-03-19+127,24
SKU-2004,2026-03-19+128,39
SKU-2004,2026-03-19+129,43
SKU-2004,2026-03-19+130,35
SKU-2004,2026-03-19+131,29
SKU-2004,2026-03-19+132,26
SKU-2004,2026-03-19+133,24
SKU-2004,2026-03-19+134,30
SKU-2004,2026-03-19+135,30
SKU-2004,2026-03-19+136,37
SKU-2004,2026-03-19+137,31
SKU-2004,2026-03-19+138,32
SKU-2004,2026-03-19+139,26
SKU-2004,2026-03-19+140,23
SKU-2004,2026-03-19+141,29
SKU-2004,2026-03-19+142,28
SKU-2004,2026-03-19+143,42
SKU-2004,2026-03-19+144,34
SKU-2004,2026-03-19+145,30
SKU-2004,2026-03-19+146,27
SKU-2004,2026-03-19+147,21
SKU-2004,2026-03-19+148,33
SKU-2004,2026-03-19+149,36
SKU-2004,2026-03-19+150,39
SKU-2004,2026-03-19+151,38
SKU-2004,2026-03-19+152,25
SKU-2004,2026-03-19+153,26
SKU-2004,2026-03-19+154,24
SKU-2004,2026-03-19+155,32
SKU-2004,2026-03-19+156,34
SKU-2004,2026-03-19+157,37
SKU-2004,2026-03-19+158,38
SKU-2004,2026-03-19+159,30
SKU-2004,2026-03-19+160,21
SKU-2004,2026-03-19+161,23
SKU-2004,2026-03-19+162,33
SKU-2004,2026-03-19+163,35
SKU-2004,2026-03-19+164,35
SKU-2004,2026-03-19+165,40
SKU-2004,2026-03-19+166,23
SKU-2004,2026-03-19+167,18
SKU-2004,2026-03-19+168,24
SKU-2004,2026-03-19+169,29
SKU-2004,2026-03-19+170,36
SKU-2004,2026-03-19+171,35
SKU-2004,2026-03-19+172,36
SKU-2004,2026-03-19+173,25
SKU-2004,2026-03-19+174,25
SKU-2004,2026-03-19+175,19
SKU-2004,2026-03-19+176,28
SKU-2004,2026-03-19+177,37
SKU-2004,2026-03-19+178,31
SKU-2004,2026-03-19+179,34
SKU-3001,2026-03-19+000,260
SKU-3001,2026-03-19+001,341
SKU-3001,2026-03-19+002,290
SKU-3001,2026-03-19+003,405
SKU-3001,2026-03-19+004,311
SKU-3001,2026-03-19+005,252
SKU-3001,2026-03-19+006,292
SKU-3001,2026-03-19+007,259
SKU-3001,2026-03-19+008,262
SKU-3001,2026-03-19+009,367
SKU-3001,2026-03-19+010,423
SKU-3001,2026-03-19+011,376
SKU-3001,2026-03-19+012,385
SKU-3001,2026-03-19+013,265
SKU-3001,2026-03-19+014,155
SKU-3001,2026-03-19+015,282
SKU-3001,2026-03-19+016,329
SKU-3001,2026-03-19+017,386
SKU-3001,2026-03-19+018,372
SKU-3001,2026-03-19+019,282
SKU-3001,2026-03-19+020,217
SKU-3001,2026-03-19+021,284
SKU-3001,2026-03-19+022,317
SKU-3001,2026-03-19+023,335
SKU-3001,2026-03-19+024,432
SKU-3001,2026-03-19+025,405
SKU-3001,2026-03-19+026,356
SKU-3001,2026-03-19+027,220
SKU-3001,2026-03-19+028,270
SKU-3001,2026-03-19+029,276
SKU-3001,2026-03-19+030,419
SKU-3001,2026-03-19+031,394
SKU-3001,2026-03-19+032,275
SKU-3001,2026-03-19+033,313
SKU-3001,2026-03-19+034,200
SKU-3001,2026-03-19+035,242
SKU-3001,2026-03-19+036,299
SKU-3001,2026-03-19+037,353
SKU-3001,2026-03-19+038,334
SKU-3001,2026-03-19+039,331
SKU-3001,2026-03-19+040,283
SKU-3001,2026-03-19+041,249
SKU-3001,2026-03-19+042,290
SKU-3001,2026-03-19+043,329
SKU-3001,2026-03-19+044,353
SKU-3001,2026-03-19+045,473
SKU-3001,2026-03-19+046,322
SKU-3001,2026-03-19+047,344
SKU-3001,2026-03-19+048,253
SKU-3001,2026-03-19+049,260
SKU-3001,2026-03-19+050,329
SKU-3001,2026-03-19+051,347
SKU-3001,2026-03-19+052,454
SKU-3001,2026-03-19+053,388
SKU-3001,2026-03-19+054,413
SKU-3001,2026-03-19+055,251
SKU-3001,2026-03-19+056,294
SKU-3001,2026-03-19+057,333
SKU-3001,2026-03-19+058,327
SKU-3001,2026-03-19+059,486
SKU-3001,2026-03-19+060,342
SKU-3001,2026-03-19+061,236
SKU-3001,2026-03-19+062,290
SKU-3001,2026-03-19+063,291
SKU-3001,2026-03-19+064,313
SKU-3001,2026-03-19+065,372
SKU-3001,2026-03-19+066,501
SKU-3001,2026-03-19+067,429
SKU-3001,2026-03-19+068,300
SKU-3001,2026-03-19+069,289
SKU-3001,2026-03-19+070,221
SKU-3001,2026-03-19+071,293
SKU-3001,2026-03-19+072,339
SKU-3001,2026-03-19+073,313
SKU-3001,2026-03-19+074,342
SKU-3001,2026-03-19+075,377
SKU-3001,2026-03-19+076,232
SKU-3001,2026-03-19+077,245
SKU-3001,2026-03-19+078,273
SKU-3001,2026-03-19+079,431
SKU-3001,2026-03-19+080,429
SKU-3001,2026-03-19+081,426
SKU-3001,2026-03-19+082,327
SKU-3001,2026-03-19+083,232
SKU-3001,2026-03-19+084,233
SKU-3001,2026-03-19+085,352
SKU-3001,2026-03-19+086,391
SKU-3001,2026-03-19+087,472
SKU-3001,2026-03-19+088,252
SKU-3001,2026-03-19+089,379
SKU-3001,2026-03-19+090,256
SKU-3001,2026-03-19+091,336
SKU-3001,2026-03-19+092,302
SKU-3001,2026-03-19+093,399
SKU-3001,2026-03-19+094,470
SKU-3001,2026-03-19+095,366
SKU-3001,2026-03-19+096,372
SKU-3001,2026-03-19+097,253
SKU-3001,2026-03-19+098,310
SKU-3001,2026-03-19+099,356
SKU-3001,2026-03-19+100,424
SKU-3001,2026-03-19+101,401
SKU-3001,2026-03-19+102,402
SKU-3001,2026-03-19+103,352
SKU-3001,2026-03-19+104,209
SKU-3001,2026-03-19+105,253
SKU-3001,2026-03-19+106,364
SKU-3001,2026-03-19+107,342
SKU-3001,2026-03-19+108,511
SKU-3001,2026-03-19+109,384
SKU-3001,2026-03-19+110,356
SKU-3001,2026-03-19+111,241
SKU-3001,2026-03-19+112,289
SKU-3001,2026-03-19+113,348
SKU-3001,2026-03-19+114,463
SKU-3001,2026-03-19+115,519
SKU-3001,2026-03-19+116,482
SKU-3001,2026-03-19+117,354
SKU-3001,2026-03-19+118,240
SKU-3001,2026-03-19+119,319
SKU-3001,2026-03-19+120,281
SKU-3001,2026-03-19+121,389
SKU-3001,2026-03-19+122,490
SKU-3001,2026-03-19+123,445
SKU-3001,2026-03-19+124,415
SKU-3001,2026-03-19+125,283
SKU-3001,2026-03-19+126,221
SKU-3001,2026-03-19+127,324
SKU-3001,2026-03-19+128,422
SKU-3001,2026-03-19+129,435
SKU-3001,2026-03-19+130,498
SKU-3001,2026-03-19+131,340
SKU-3001,2026-03-19+132,237
SKU-3001,2026-03-19+133,296
SKU-3001,2026-03-19+134,292
SKU-3001,2026-03-19+135,502
SKU-3001,2026-03-19+136,472
SKU-3001,2026-03-19+137,357
SKU-3001,2026-03-19+138,399
SKU-3001,2026-03-19+139,370
SKU-3001,2026-03-19+140,214
SKU-3001,2026-03-19+141,378
SKU-3001,2026-03-19+142,445
SKU-3001,2026-03-19+143,471
SKU-3001,2026-03-19+144,450
SKU-3001,2026-03-19+145,377
SKU-3001,2026-03-19+146,266
SKU-3001,2026-03-19+147,333
SKU-3001,2026-03-19+148,288
SKU-3001,2026-03-19+149,523
SKU-3001,2026-03-19+150,550
SKU-3001,2026-03-19+151,374
SKU-3001,2026-03-19+152,359
SKU-3001,2026-03-19+153,342
SKU-3001,2026-03-19+154,270
SKU-3001,2026-03-19+155,339
SKU-3001,2026-03-19+156,406
SKU-3001,2026-03-19+157,534
SKU-3001,2026-03-19+158,407
SKU-3001,2026-03-19+159,362
SKU-3001,2026-03-19+160,314
SKU-3001,2026-03-19+161,282
SKU-3001,2026-03-19+162,313
SKU-3001,2026-03-19+163,361
SKU-3001,2026-03-19+164,386
SKU-3001,2026-03-19+165,380
SKU-3001,2026-03-19+166,289
SKU-3001,2026-03-19+167,271
SKU-3001,2026-03-19+168,45
SKU-3001,2026-03-19+169,354
SKU-3001,2026-03-19+170,391
SKU-3001,2026-03-19+171,417
SKU-3001,2026-03-19+172,393
SKU-3001,2026-03-19+173,306
SKU-3001,2026-03-19+174,255
SKU-3001,2026-03-19+175,318
SKU-3001,2026-03-19+176,295
SKU-3001,2026-03-19+177,438
SKU-3001,2026-03-19+178,444
SKU-3001,2026-03-19+179,580
SKU-3002,2026-03-19+000,51
SKU-3002,2026-03-19+001,81
SKU-3002,2026-03-19+002,93
SKU-3002,2026-03-19+003,97
SKU-3002,2026-03-19+004,104
SKU-3002,2026-03-19+005,84
SKU-3002,2026-03-19+006,58
SKU-3002,2026-03-19+007,69
SKU-3002,2026-03-19+008,83
SKU-3002,2026-03-19+009,113
SKU-3002,2026-03-19+010,99
SKU-3002,2026-03-19+011,118
SKU-3002,2026-03-19+012,81
SKU-3002,2026-03-19+013,51
SKU-3002,2026-03-19+014,70
SKU-3002,2026-03-19+015,79
SKU-3002,2026-03-19+016,88
SKU-3002,2026-03-19+017,120
SKU-3002,2026-03-19+018,96
SKU-3002,2026-03-19+019,94
SKU-3002,2026-03-19+020,67
SKU-3002,2026-03-19+021,73
SKU-3002,2026-03-19+022,87
SKU-3002,2026-03-19+023,105
SKU-3002,2026-03-19+024,95
SKU-3002,2026-03-19+025,113
SKU-3002,2026-03-19+026,84
SKU-3002,2026-03-19+027,85
SKU-3002,2026-03-19+028,71
SKU-3002,2026-03-19+029,88
SKU-3002,2026-03-19+030,91
SKU-3002,2026-03-19+031,104
SKU-3002,2026-03-19+032,104
SKU-3002,2026-03-19+033,73
SKU-3002,2026-03-19+034,59
SKU-3002,2026-03-19+035,67
SKU-3002,2026-03-19+036,81
SKU-3002,2026-03-19+037,103
SKU-3002,2026-03-19+038,125
SKU-3002,2026-03-19+039,98
SKU-3002,2026-03-19+040,92
SKU-3002,2026-03-19+041,68
SKU-3002,2026-03-19+042,66
SKU-3002,2026-03-19+043,85
SKU-3002,2026-03-19+044,76
SKU-3002,2026-03-19+045,112
SKU-3002,2026-03-19+046,96
SKU-3002,2026-03-19+047,76
SKU-3002,2026-03-19+048,54
SKU-3002,2026-03-19+049,65
SKU-3002,2026-03-19+050,64
SKU-3002,2026-03-19+051,112
SKU-3002,2026-03-19+052,108
SKU-3002,2026-03-19+053,84
SKU-3002,2026-03-19+054,79
SKU-3002,2026-03-19+055,77
SKU-3002,2026-03-19+056,64
SKU-3002,2026-03-19+057,80
SKU-3002,2026-03-19+058,98
SKU-3002,2026-03-19+059,111
SKU-3002,2026-03-19+060,84
SKU-3002,2026-03-19+061,86
SKU-3002,2026-03-19+062,66
SKU-3002,2026-03-19+063,94
SKU-3002,2026-03-19+064,82
SKU-3002,2026-03-19+065,98
SKU-3002,2026-03-19+066,127
SKU-3002,2026-03-19+067,104
SKU-3002,2026-03-19+068,90
SKU-3002,2026-03-19+069,64
SKU-3002,2026-03-19+070,83
SKU-3002,2026-03-19+071,78
SKU-3002,2026-03-19+072,109
SKU-3002,2026-03-19+073,129
SKU-3002,2026-03-19+074,103
SKU-3002,2026-03-19+075,88
SKU-3002,2026-03-19+076,77
SKU-3002,2026-03-19+077,76
SKU-3002,2026-03-19+078,74
SKU-3002,2026-03-19+079,107
SKU-3002,2026-03-19+080,102
SKU-3002,2026-03-19+081,98
SKU-3002,2026-03-19+082,82
SKU-3002,2026-03-19+083,83
SKU-3002,2026-03-19+084,84
SKU-3002,2026-03-19+085,112
SKU-3002,2026-03-19+086,105
SKU-3002,2026-03-19+087,104
SKU-3002,2026-03-19+088,96
SKU-3002,2026-03-19+089,106
SKU-3002,2026-03-19+090,59
SKU-3002,2026-03-19+091,68
SKU-3002,2026-03-19+092,80
SKU-3002,2026-03-19+093,128
SKU-3002,2026-03-19+094,102
SKU-3002,2026-03-19+095,123
SKU-3002,2026-03-19+096,104
SKU-3002,2026-03-19+097,72
SKU-3002,2026-03-19+098,76
SKU-3002,2026-03-19+099,70
SKU-3002,2026-03-19+100,105
SKU-3002,2026-03-19+101,114
SKU-3002,2026-03-19+102,76
SKU-3002,2026-03-19+103,95
SKU-3002,2026-03-19+104,77
SKU-3002,2026-03-19+105,57
SKU-3002,2026-03-19+106,72
SKU-3002,2026-03-19+107,98
SKU-3002,2026-03-19+108,110
SKU-3002,2026-03-19+109,106
SKU-3002,2026-03-19+110,80
SKU-3002,2026-03-19+111,65
SKU-3002,2026-03-19+112,75
SKU-3002,2026-03-19+113,83
SKU-3002,2026-03-19+114,107
SKU-3002,2026-03-19+115,115
SKU-3002,2026-03-19+116,117
SKU-3002,2026-03-19+117,90
SKU-3002,2026-03-19+118,82
SKU-3002,2026-03-19+119,74
SKU-3002,2026-03-19+120,98
SKU-3002,2026-03-19+121,125
SKU-3002,2026-03-19+122,98
SKU-3002,2026-03-19+123,124
SKU-3002,2026-03-19+124,112
SKU-3002,2026-03-19+125,66
SKU-3002,2026-03-19+126,73
SKU-3002,2026-03-19+127,85
SKU-3002,2026-03-19+128,115
SKU-3002,2026-03-19+129,127
SKU-3002,2026-03-19+130,103
SKU-3002,2026-03-19+131,107
SKU-3002,2026-03-19+132,68
SKU-3002,2026-03-19+133,73
SKU-3002,2026-03-19+134,100
SKU-3002,2026-03-19+135,136
SKU-3002,2026-03-19+136,113
SKU-3002,2026-03-19+137,124
SKU-3002,2026-03-19+138,96
SKU-3002,2026-03-19+139,61
SKU-3002,2026-03-19+140,66
SKU-3002,2026-03-19+141,77
SKU-3002,2026-03-19+142,104
SKU-3002,2026-03-19+143,115
SKU-3002,2026-03-19+144,114
SKU-3002,2026-03-19+145,108
SKU-3002,2026-03-19+146,80
SKU-3002,2026-03-19+147,99
SKU-3002,2026-03-19+148,88
SKU-3002,2026-03-19+149,122
SKU-3002,2026-03-19+150,128
SKU-3002,2026-03-19+151,135
SKU-3002,2026-03-19+152,90
SKU-3002,2026-03-19+153,85
SKU-3002,2026-03-19+154,90
SKU-3002,2026-03-19+155,83
SKU-3002,2026-03-19+156,111
SKU-3002,2026-03-19+157,130
SKU-3002,2026-03-19+158,109
SKU-3002,2026-03-19+159,85
SKU-3002,2026-03-19+160,94
SKU-3002,2026-03-19+161,74
SKU-3002,2026-03-19+162,110
SKU-3002,2026-03-19+163,106
SKU-3002,2026-03-19+164,121
SKU-3002,2026-03-19+165,127
SKU-3002,2026-03-19+166,93
SKU-3002,2026-03-19+167,69
SKU-3002,2026-03-19+168,70
SKU-3002,2026-03-19+169,95
SKU-3002,2026-03-19+170,104
SKU-3002,2026-03-19+171,126
SKU-3002,2026-03-19+172,85
SKU-3002,2026-03-19+173,90
SKU-3002,2026-03-19+174,77
SKU-3002,2026-03-19+175,72
SKU-3002,2026-03-19+176,81
SKU-3002,2026-03-19+177,102
SKU-3002,2026-03-19+178,126
SKU-3002,2026-03-19+179,138
SKU-3003,2026-03-19+000,38
SKU-3003,2026-03-19+001,54
SKU-3003,2026-03-19+002,76
SKU-3003,2026-03-19+003,78
SKU-3003,2026-03-19+004,70
SKU-3003,2026-03-19+005,55
SKU-3003,2026-03-19+006,47
SKU-3003,2026-03-19+007,46
SKU-3003,2026-03-19+008,41
SKU-3003,2026-03-19+009,63
SKU-3003,2026-03-19+010,58
SKU-3003,2026-03-19+011,81
SKU-3003,2026-03-19+012,64
SKU-3003,2026-03-19+013,43
SKU-3003,2026-03-19+014,51
SKU-3003,2026-03-19+015,72
SKU-3003,2026-03-19+016,64
SKU-3003,2026-03-19+017,87
SKU-3003,2026-03-19+018,74
SKU-3003,2026-03-19+019,57
SKU-3003,2026-03-19+020,41
SKU-3003,2026-03-19+021,43
SKU-3003,2026-03-19+022,53
SKU-3003,2026-03-19+023,50
SKU-3003,2026-03-19+024,80
SKU-3003,2026-03-19+025,68
SKU-3003,2026-03-19+026,62
SKU-3003,2026-03-19+027,45
SKU-3003,2026-03-19+028,63
SKU-3003,2026-03-19+029,45
SKU-3003,2026-03-19+030,61
SKU-3003,2026-03-19+031,82
SKU-3003,2026-03-19+032,91
SKU-3003,2026-03-19+033,51
SKU-3003,2026-03-19+034,58
SKU-3003,2026-03-19+035,41
SKU-3003,2026-03-19+036,65
SKU-3003,2026-03-19+037,70
SKU-3003,2026-03-19+038,96
SKU-3003,2026-03-19+039,86
SKU-3003,2026-03-19+040,54
SKU-3003,2026-03-19+041,64
SKU-3003,2026-03-19+042,40
SKU-3003,2026-03-19+043,54
SKU-3003,2026-03-19+044,84
SKU-3003,2026-03-19+045,69
SKU-3003,2026-03-19+046,66
SKU-3003,2026-03-19+047,60
SKU-3003,2026-03-19+048,50
SKU-3003,2026-03-19+049,49
SKU-3003,2026-03-19+050,51
SKU-3003,2026-03-19+051,71
SKU-3003,2026-03-19+052,82
SKU-3003,2026-03-19+053,84
SKU-3003,2026-03-19+054,61
SKU-3003,2026-03-19+055,41
SKU-3003,2026-03-19+056,47
SKU-3003,2026-03-19+057,52
SKU-3003,2026-03-19+058,81
SKU-3003,2026-03-19+059,61
SKU-3003,2026-03-19+060,76
SKU-3003,2026-03-19+061,51
SKU-3003,2026-03-19+062,55
SKU-3003,2026-03-19+063,51
SKU-3003,2026-03-19+064,58
SKU-3003,2026-03-19+065,74
SKU-3003,2026-03-19+066,74
SKU-3003,2026-03-19+067,78
SKU-3003,2026-03-19+068,59
SKU-3003,2026-03-19+069,52
SKU-3003,2026-03-19+070,47
SKU-3003,2026-03-19+071,40
SKU-3003,2026-03-19+072,66
SKU-3003,2026-03-19+073,91
SKU-3003,2026-03-19+074,85
SKU-3003,2026-03-19+075,60
SKU-3003,2026-03-19+076,47
SKU-3003,2026-03-19+077,45
SKU-3003,2026-03-19+078,61
SKU-3003,2026-03-19+079,75
SKU-3003,2026-03-19+080,68
SKU-3003,2026-03-19+081,78
SKU-3003,2026-03-19+082,68
SKU-3003,2026-03-19+083,43
SKU-3003,2026-03-19+084,46
SKU-3003,2026-03-19+085,60
SKU-3003,2026-03-19+086,76
SKU-3003,2026-03-19+087,73
SKU-3003,2026-03-19+088,68
SKU-3003,2026-03-19+089,56
SKU-3003,2026-03-19+090,51
SKU-3003,2026-03-19+091,50
SKU-3003,2026-03-19+092,57
SKU-3003,2026-03-19+093,59
SKU-3003,2026-03-19+094,67
SKU-3003,2026-03-19+095,78
SKU-3003,2026-03-19+096,51
SKU-3003,2026-03-19+097,50
SKU-3003,2026-03-19+098,45
SKU-3003,2026-03-19+099,53
SKU-3003,2026-03-19+100,71
SKU-3003,2026-03-19+101,93
SKU-3003,2026-03-19+102,75
SKU-3003,2026-03-19+103,58
SKU-3003,2026-03-19+104,40
SKU-3003,2026-03-19+105,51
SKU-3003,2026-03-19+106,65
SKU-3003,2026-03-19+107,76
SKU-3003,2026-03-19+108,89
SKU-3003,2026-03-19+109,77
SKU-3003,2026-03-19+110,51
SKU-3003,2026-03-19+111,49
SKU-3003,2026-03-19+112,51
SKU-3003,2026-03-19+113,63
SKU-3003,2026-03-19+114,67
SKU-3003,2026-03-19+115,77
SKU-3003,2026-03-19+116,76
SKU-3003,2026-03-19+117,69
SKU-3003,2026-03-19+118,55
SKU-3003,2026-03-19+119,52
SKU-3003,2026-03-19+120,61
SKU-3003,2026-03-19+121,62
SKU-3003,2026-03-19+122,68
SKU-3003,2026-03-19+123,72
SKU-3003,2026-03-19+124,68
SKU-3003,2026-03-19+125,51
SKU-3003,2026-03-19+126,51
SKU-3003,2026-03-19+127,47
SKU-3003,2026-03-19+128,59
SKU-3003,2026-03-19+129,89
SKU-3003,2026-03-19+130,73
SKU-3003,2026-03-19+131,51
SKU-3003,2026-03-19+132,54
SKU-3003,2026-03-19+133,50
SKU-3003,2026-03-19+134,79
SKU-3003,2026-03-19+135,82
SKU-3003,2026-03-19+136,82
SKU-3003,2026-03-19+137,72
SKU-3003,2026-03-19+138,62
SKU-3003,2026-03-19+139,49
SKU-3003,2026-03-19+140,40
SKU-3003,2026-03-19+141,65
SKU-3003,2026-03-19+142,74
SKU-3003,2026-03-19+143,53
SKU-3003,2026-03-19+144,68
SKU-3003,2026-03-19+145,55
SKU-3003,2026-03-19+146,55
SKU-3003,2026-03-19+147,48
SKU-3003,2026-03-19+148,69
SKU-3003,2026-03-19+149,58
SKU-3003,2026-03-19+150,69
SKU-3003,2026-03-19+151,83
SKU-3003,2026-03-19+152,56
SKU-3003,2026-03-19+153,43
SKU-3003,2026-03-19+154,45
SKU-3003,2026-03-19+155,53
SKU-3003,2026-03-19+156,77
SKU-3003,2026-03-19+157,89
SKU-3003,2026-03-19+158,60
SKU-3003,2026-03-19+159,59
SKU-3003,2026-03-19+160,50
SKU-3003,2026-03-19+161,49
SKU-3003,2026-03-19+162,64
SKU-3003,2026-03-19+163,73
SKU-3003,2026-03-19+164,74
SKU-3003,2026-03-19+165,64
SKU-3003,2026-03-19+166,48
SKU-3003,2026-03-19+167,47
SKU-3003,2026-03-19+168,49
SKU-3003,2026-03-19+169,65
SKU-3003,2026-03-19+170,69
SKU-3003,2026-03-19+171,101
SKU-3003,2026-03-19+172,74
SKU-3003,2026-03-19+173,58
SKU-3003,2026-03-19+174,52
SKU-3003,2026-03-19+175,43
SKU-3003,2026-03-19+176,60
SKU-3003,2026-03-19+177,55
SKU-3003,2026-03-19+178,86
SKU-3003,2026-03-19+179,75
SKU-3004,2026-03-19+000,38
SKU-3004,2026-03-19+001,45
SKU-3004,2026-03-19+002,46
SKU-3004,2026-03-19+003,54
SKU-3004,2026-03-19+004,67
SKU-3004,2026-03-19+005,49
SKU-3004,2026-03-19+006,35
SKU-3004,2026-03-19+007,39
SKU-3004,2026-03-19+008,47
SKU-3004,2026-03-19+009,68
SKU-3004,2026-03-19+010,68
SKU-3004,2026-03-19+011,59
SKU-3004,2026-03-19+012,44
SKU-3004,2026-03-19+013,46
SKU-3004,2026-03-19+014,37
SKU-3004,2026-03-19+015,40
SKU-3004,2026-03-19+016,47
SKU-3004,2026-03-19+017,54
SKU-3004,2026-03-19+018,54
SKU-3004,2026-03-19+019,51
SKU-3004,2026-03-19+020,42
SKU-3004,2026-03-19+021,42
SKU-3004,2026-03-19+022,46
SKU-3004,2026-03-19+023,61
SKU-3004,2026-03-19+024,77
SKU-3004,2026-03-19+025,63
SKU-3004,2026-03-19+026,56
SKU-3004,2026-03-19+027,31
SKU-3004,2026-03-19+028,34
SKU-3004,2026-03-19+029,41
SKU-3004,2026-03-19+030,38
SKU-3004,2026-03-19+031,62
SKU-3004,2026-03-19+032,67
SKU-3004,2026-03-19+033,44
SKU-3004,2026-03-19+034,39
SKU-3004,2026-03-19+035,34
SKU-3004,2026-03-19+036,43
SKU-3004,2026-03-19+037,58
SKU-3004,2026-03-19+038,53
SKU-3004,2026-03-19+039,66
SKU-3004,2026-03-19+040,37
SKU-3004,2026-03-19+041,40
SKU-3004,2026-03-19+042,36
SKU-3004,2026-03-19+043,54
SKU-3004,2026-03-19+044,61
SKU-3004,2026-03-19+045,46
SKU-3004,2026-03-19+046,41
SKU-3004,2026-03-19+047,42
SKU-3004,2026-03-19+048,36
SKU-3004,2026-03-19+049,37
SKU-3004,2026-03-19+050,46
SKU-3004,2026-03-19+051,61
SKU-3004,2026-03-19+052,52
SKU-3004,2026-03-19+053,46
SKU-3004,2026-03-19+054,49
SKU-3004,2026-03-19+055,37
SKU-3004,2026-03-19+056,38
SKU-3004,2026-03-19+057,43
SKU-3004,2026-03-19+058,56
SKU-3004,2026-03-19+059,73
SKU-3004,2026-03-19+060,47
SKU-3004,2026-03-19+061,41
SKU-3004,2026-03-19+062,42
SKU-3004,2026-03-19+063,46
SKU-3004,2026-03-19+064,45
SKU-3004,2026-03-19+065,48
SKU-3004,2026-03-19+066,48
SKU-3004,2026-03-19+067,61
SKU-3004,2026-03-19+068,41
SKU-3004,2026-03-19+069,50
SKU-3004,2026-03-19+070,49
SKU-3004,2026-03-19+071,48
SKU-3004,2026-03-19+072,61
SKU-3004,2026-03-19+073,62
SKU-3004,2026-03-19+074,67
SKU-3004,2026-03-19+075,49
SKU-3004,2026-03-19+076,40
SKU-3004,2026-03-19+077,45
SKU-3004,2026-03-19+078,50
SKU-3004,2026-03-19+079,72
SKU-3004,2026-03-19+080,51
SKU-3004,2026-03-19+081,55
SKU-3004,2026-03-19+082,43
SKU-3004,2026-03-19+083,44
SKU-3004,2026-03-19+084,37
SKU-3004,2026-03-19+085,50
SKU-3004,2026-03-19+086,50
SKU-3004,2026-03-19+087,63
SKU-3004,2026-03-19+088,76
SKU-3004,2026-03-19+089,59
SKU-3004,2026-03-19+090,31
SKU-3004,2026-03-19+091,41
SKU-3004,2026-03-19+092,52
SKU-3004,2026-03-19+093,55
SKU-3004,2026-03-19+094,55
SKU-3004,2026-03-19+095,64
SKU-3004,2026-03-19+096,50
SKU-3004,2026-03-19+097,43
SKU-3004,2026-03-19+098,38
SKU-3004,2026-03-19+099,61
SKU-3004,2026-03-19+100,52
SKU-3004,2026-03-19+101,60
SKU-3004,2026-03-19+102,64
SKU-3004,2026-03-19+103,54
SKU-3004,2026-03-19+104,34
SKU-3004,2026-03-19+105,46
SKU-3004,2026-03-19+106,39
SKU-3004,2026-03-19+107,59
SKU-3004,2026-03-19+108,62
SKU-3004,2026-03-19+109,55
SKU-3004,2026-03-19+110,56
SKU-3004,2026-03-19+111,29
SKU-3004,2026-03-19+112,36
SKU-3004,2026-03-19+113,43
SKU-3004,2026-03-19+114,65
SKU-3004,2026-03-19+115,77
SKU-3004,2026-03-19+116,66
SKU-3004,2026-03-19+117,58
SKU-3004,2026-03-19+118,30
SKU-3004,2026-03-19+119,41
SKU-3004,2026-03-19+120,40
SKU-3004,2026-03-19+121,56
SKU-3004,2026-03-19+122,67
SKU-3004,2026-03-19+123,61
SKU-3004,2026-03-19+124,58
SKU-3004,2026-03-19+125,31
SKU-3004,2026-03-19+126,36
SKU-3004,2026-03-19+127,40
SKU-3004,2026-03-19+128,48
SKU-3004,2026-03-19+129,73
SKU-3004,2026-03-19+130,62
SKU-3004,2026-03-19+131,60
SKU-3004,2026-03-19+132,47
SKU-3004,2026-03-19+133,40
SKU-3004,2026-03-19+134,43
SKU-3004,2026-03-19+135,67
SKU-3004,2026-03-19+136,60
SKU-3004,2026-03-19+137,52
SKU-3004,2026-03-19+138,44
SKU-3004,2026-03-19+139,42
SKU-3004,2026-03-19+140,46
SKU-3004,2026-03-19+141,49
SKU-3004,2026-03-19+142,69
SKU-3004,2026-03-19+143,66
SKU-3004,2026-03-19+144,58
SKU-3004,2026-03-19+145,67
SKU-3004,2026-03-19+146,50
SKU-3004,2026-03-19+147,41
SKU-3004,2026-03-19+148,44
SKU-3004,2026-03-19+149,49
SKU-3004,2026-03-19+150,69
SKU-3004,2026-03-19+151,60
SKU-3004,2026-03-19+152,54
SKU-3004,2026-03-19+153,43
SKU-3004,2026-03-19+154,43
SKU-3004,2026-03-19+155,56
SKU-3004,2026-03-19+156,63
SKU-3004,2026-03-19+157,60
SKU-3004,2026-03-19+158,56
SKU-3004,2026-03-19+159,55
SKU-3004,2026-03-19+160,36
SKU-3004,2026-03-19+161,44
SKU-3004,2026-03-19+162,53
SKU-3004,2026-03-19+163,60
SKU-3004,2026-03-19+164,60
SKU-3004,2026-03-19+165,49
SKU-3004,2026-03-19+166,44
SKU-3004,2026-03-19+167,34
SKU-3004,2026-03-19+168,41
SKU-3004,2026-03-19+169,47
SKU-3004,2026-03-19+170,54
SKU-3004,2026-03-19+171,74
SKU-3004,2026-03-19+172,64
SKU-3004,2026-03-19+173,52
SKU-3004,2026-03-19+174,45
SKU-3004,2026-03-19+175,46
SKU-3004,2026-03-19+176,40
SKU-3004,2026-03-19+177,66
SKU-3004,2026-03-19+178,53
SKU-3004,2026-03-19+179,57
